checkpoint	case	source_revision	process_stop	exit_signal	group_cleanup	completed_pairs_original_summary	excluded_pairs_original_summary	evidence_kind
1	normal	fcbe8b25d53ee96f48ca8dafd227e7c46f8d90ab	exited	not_recorded	gone	1	0	actual_process_scripted_fixture
1	cutoff	fcbe8b25d53ee96f48ca8dafd227e7c46f8d90ab	exited	not_recorded	gone	0	1	actual_process_scripted_fixture
1	cancel	fcbe8b25d53ee96f48ca8dafd227e7c46f8d90ab	not_spawned	not_recorded	not_recorded	not_in_original_receipt	not_in_original_receipt	failed_preflight_no_spawn
3	normal	fdd357f08fdca16666993ebdb8afc3c72c718821	exited	not_recorded	gone	1	0	actual_process_scripted_fixture
3	cutoff	fdd357f08fdca16666993ebdb8afc3c72c718821	exited	not_recorded	gone	0	1	actual_process_scripted_fixture
3	cancel	fdd357f08fdca16666993ebdb8afc3c72c718821	exited	not_recorded	gone	not_in_original_receipt	not_in_original_receipt	actual_process_scripted_fixture
4	normal	9e49b6679aeab4e96be0f6b90e51e26a0c7a9ead	exited	not_recorded	gone	1	0	actual_process_scripted_fixture
4	cutoff	9e49b6679aeab4e96be0f6b90e51e26a0c7a9ead	exited	not_recorded	gone	0	1	actual_process_scripted_fixture
4	cancel	9e49b6679aeab4e96be0f6b90e51e26a0c7a9ead	cancelled	15	unverified	not_in_original_receipt	not_in_original_receipt	actual_process_scripted_fixture
5	normal	9e49b6679aeab4e96be0f6b90e51e26a0c7a9ead	not_executed_in_cancel_only_checkpoint	not_recorded	not_recorded	not_in_original_receipt	not_in_original_receipt	not_executed
5	cutoff	9e49b6679aeab4e96be0f6b90e51e26a0c7a9ead	not_executed_in_cancel_only_checkpoint	not_recorded	not_recorded	not_in_original_receipt	not_in_original_receipt	not_executed
5	cancel	9e49b6679aeab4e96be0f6b90e51e26a0c7a9ead	cancelled	15	unverified	0	1	actual_process_scripted_fixture
