capture	step	batch_samples	train_loss	validation_loss	source_kind
cpu-continuous-v1	1	2	3.0428424809901196	2.831684806206051	synthetic_CPU_fixture
cpu-continuous-v1	2	2	2.831684806206051	2.7406205768265495	synthetic_CPU_fixture
cpu-continuous-v1	3	2	2.7406205768265495	2.647031800317193	synthetic_CPU_fixture
cpu-continuous-v1	4	2	2.5246347264131597	2.5619085427999924	synthetic_CPU_fixture
cpu-continuous-v1	5	2	2.5619085427999924	2.5055409847465775	synthetic_CPU_fixture
cpu-continuous-v1	6	2	2.5055409847465775	2.468966875322579	synthetic_CPU_fixture
cpu-continuous-v1	7	2	2.468966875322579	2.440819184119291	synthetic_CPU_fixture
cpu-continuous-v1	8	2	1.9611651191749742	2.4399378789565906	synthetic_CPU_fixture
cpu-frozen-v1	1	2	3.0428424809901196	2.903591037240907	synthetic_CPU_fixture
cpu-frozen-v1	2	2	2.903591037240907	2.903591037240907	synthetic_CPU_fixture
cpu-frozen-v1	3	2	2.903591037240907	2.903591037240907	synthetic_CPU_fixture
cpu-frozen-v1	4	2	3.0428424809901196	2.903591037240907	synthetic_CPU_fixture
cpu-frozen-v1	5	2	2.903591037240907	2.903591037240907	synthetic_CPU_fixture
cpu-frozen-v1	6	2	2.903591037240907	2.903591037240907	synthetic_CPU_fixture
cpu-frozen-v1	7	2	2.903591037240907	2.903591037240907	synthetic_CPU_fixture
cpu-frozen-v1	8	2	3.0428424809901196	2.903591037240907	synthetic_CPU_fixture
cpu-pause-v1	1	2	3.0428424809901196	2.831684806206051	synthetic_CPU_fixture
cpu-pause-v1	2	2	2.831684806206051	2.7406205768265495	synthetic_CPU_fixture
cpu-pause-v1	3	2	2.7406205768265495	2.647031800317193	synthetic_CPU_fixture
cpu-resume-v1	1	2	3.0428424809901196	2.831684806206051	synthetic_CPU_fixture
cpu-resume-v1	2	2	2.831684806206051	2.7406205768265495	synthetic_CPU_fixture
cpu-resume-v1	3	2	2.7406205768265495	2.647031800317193	synthetic_CPU_fixture
cpu-resume-v1	4	2	2.5246347264131597	2.5619085427999924	synthetic_CPU_fixture
cpu-resume-v1	5	2	2.5619085427999924	2.5055409847465775	synthetic_CPU_fixture
cpu-resume-v1	6	2	2.5055409847465775	2.468966875322579	synthetic_CPU_fixture
cpu-resume-v1	7	2	2.468966875322579	2.440819184119291	synthetic_CPU_fixture
cpu-resume-v1	8	2	1.9611651191749742	2.4399378789565906	synthetic_CPU_fixture
installed-cli-resume-v1	1	2	3.0428424809901196	2.831684806206051	synthetic_CPU_fixture
installed-cli-resume-v1	2	2	2.831684806206051	2.7406205768265495	synthetic_CPU_fixture
installed-cli-resume-v1	3	2	2.7406205768265495	2.647031800317193	synthetic_CPU_fixture
installed-cli-resume-v1	4	2	2.5246347264131597	2.5619085427999924	synthetic_CPU_fixture
installed-cli-resume-v1	5	2	2.5619085427999924	2.5055409847465775	synthetic_CPU_fixture
installed-cli-resume-v1	6	2	2.5055409847465775	2.468966875322579	synthetic_CPU_fixture
installed-cli-resume-v1	7	2	2.468966875322579	2.440819184119291	synthetic_CPU_fixture
installed-cli-resume-v1	8	2	1.9611651191749742	2.4399378789565906	synthetic_CPU_fixture
preliminary-v1	1	2	3.0428424809901196	2.831684806206051	synthetic_CPU_fixture
preliminary-v1	2	2	2.831684806206051	2.7406205768265495	synthetic_CPU_fixture
preliminary-v1	3	2	2.7406205768265495	2.647031800317193	synthetic_CPU_fixture
preliminary-v1	4	2	2.5246347264131597	2.5619085427999924	synthetic_CPU_fixture
preliminary-v1	5	2	2.5619085427999924	2.5055409847465775	synthetic_CPU_fixture
preliminary-v1	6	2	2.5055409847465775	2.468966875322579	synthetic_CPU_fixture
preliminary-v1	7	2	2.468966875322579	2.440819184119291	synthetic_CPU_fixture
preliminary-v1	8	2	1.9611651191749742	2.4399378789565906	synthetic_CPU_fixture
